{
  "lookahead_base": 8.486472186634687,
  "lookahead_gain": 0.2145999277997034,
  "v_max": 98.61967444315114,
  "k_curvature": 80.26267645497103,
  "brake_lookahead": 238.91409561489294,
  "v_min": 14.755754974625923,
  "kp_steer": 5.974613905339577,
  "kp_vel": 2.000912733454466,
  "decel_factor": 0.6906778462106986,
  "steer_anticipation": 1.0058601548953057,
  "raceline_blend": 0.3957787887714483,
  "straight_lookahead_mult": 1.5889580740785811,
  "corner_exit_boost": 1.46634143658033
}
