{
  "lookahead_base": 10.429415231712273,
  "lookahead_gain": 0.2025372461069784,
  "v_max": 99.99912397726796,
  "k_curvature": 80.01949982087014,
  "brake_lookahead": 201.89673794435902,
  "v_min": 15.83166479496259,
  "kp_steer": 4.140521207755028,
  "kp_vel": 6.292569341174151,
  "decel_factor": 0.8996876929214792,
  "steer_anticipation": 1.0062524717416241,
  "raceline_blend": 0.48455221153178923
}