{
  "lookahead_base": 10.00370847587565,
  "lookahead_gain": 0.5027529771343247,
  "v_max": 99.99069217225974,
  "k_curvature": 50.03141279053974,
  "brake_lookahead": 191.93746002278692,
  "v_min": 26.93314016157592,
  "kp_steer": 4.0495447914203595,
  "kp_vel": 3.115873586895829
}