{
  "lookahead_base": 10.00447387074612,
  "lookahead_gain": 0.5032881041789858,
  "v_max": 99.97799707865414,
  "k_curvature": 50.161542046908096,
  "brake_lookahead": 181.96654292765547,
  "v_min": 28.110675459530373,
  "kp_steer": 3.795946750917317,
  "kp_vel": 6.4242661255749764
}