{
  "lookahead_base": 7.2108960068625105,
  "lookahead_gain": 0.3014524596245513,
  "v_max": 97.21475834960455,
  "k_curvature": 72.12806247596554,
  "brake_lookahead": 221.79819988648921,
  "v_min": 11.829427373957076,
  "kp_steer": 4.8737037070670235,
  "kp_vel": 1.9022818450171814,
  "decel_factor": 0.59892876976799,
  "steer_anticipation": 0.8112130501019249,
  "raceline_blend": 0.20138239843980565,
  "straight_lookahead_mult": 1.3442360925936905,
  "corner_exit_boost": 1.3191366819355785
}