{
  "lookahead_base": 10.257016209159088,
  "lookahead_gain": 0.8574852278273444,
  "v_max": 99.29273294361485,
  "k_curvature": 221.72472659961744,
  "brake_lookahead": 64.77589995691898,
  "v_min": 10.762654899487401,
  "kp_steer": 2.428936935812505,
  "kp_vel": 4.668450470979159,
  "blend": 0.17133119682630266
}