{
  "base": {
    "lookahead_base": 15.44245476146143,
    "lookahead_gain": 0.10053441062402553,
    "v_max": 99.86697933309446,
    "k_curvature": 44.038361831089894,
    "brake_lookahead": 235.78664531807863,
    "v_min": 15.58237930256043,
    "kp_steer": 5.968144514127344,
    "kp_vel": 3.1395415374664255,
    "decel_factor": 0.6050728342869203,
    "steer_anticipation": 0.8002760718340097,
    "raceline_blend": 0.20276504351424973,
    "straight_lookahead_mult": 1.2689771674795747,
    "corner_exit_boost": 1.2513175041713764
  },
  "-0.029_-0.000": {
    "lookahead_base": 8.667299191608898,
    "lookahead_gain": 0.4602875679946242,
    "v_max": 99.99176756180118,
    "k_curvature": 40.069377481634454,
    "brake_lookahead": 157.8981529415772,
    "v_min": 11.07076897775015,
    "kp_steer": 5.893099054051314,
    "kp_vel": 2.277101005484279,
    "decel_factor": 0.7581345468675058,
    "steer_anticipation": 1.150794151083263,
    "raceline_blend": 0.6077609214545958,
    "straight_lookahead_mult": 2.792383697684019,
    "corner_exit_boost": 1.4651993217665498
  },
  "0.123_-0.739": {
    "lookahead_base": 16.229593402559097,
    "lookahead_gain": 0.10792670582361696,
    "v_max": 99.93488278048031,
    "k_curvature": 40.050165765321935,
    "brake_lookahead": 175.14618574702922,
    "v_min": 11.20813135466777,
    "kp_steer": 5.981822799618174,
    "kp_vel": 4.040769343883555,
    "decel_factor": 0.8099157336440307,
    "steer_anticipation": 0.8046373411482278,
    "raceline_blend": 0.7871120287395321,
    "straight_lookahead_mult": 1.4696493499964602,
    "corner_exit_boost": 1.7992034239170354
  },
  "-0.320_1.088": {
    "lookahead_base": 14.868750078230242,
    "lookahead_gain": 0.11289184377181445,
    "v_max": 99.99994712087855,
    "k_curvature": 42.49010366221965,
    "brake_lookahead": 209.79320905501942,
    "v_min": 12.396742422600582,
    "kp_steer": 5.892059999990577,
    "kp_vel": 7.7219645420022776,
    "decel_factor": 0.849085347718339,
    "steer_anticipation": 0.8015473219325345,
    "raceline_blend": 0.7958596404514604,
    "straight_lookahead_mult": 1.3648080818440191,
    "corner_exit_boost": 1.2014011874355397
  },
  "0.961_4.022": {
    "lookahead_base": 17.167784857470068,
    "lookahead_gain": 0.17894318347223123,
    "v_max": 99.99611040195455,
    "k_curvature": 40.00478426206777,
    "brake_lookahead": 150.41513916464197,
    "v_min": 12.529125087770876,
    "kp_steer": 5.715191730285509,
    "kp_vel": 1.5053766192196376,
    "decel_factor": 0.9499582101212601,
    "steer_anticipation": 0.8046105427563578,
    "raceline_blend": 0.7998637511318585,
    "straight_lookahead_mult": 1.7750438313090946,
    "corner_exit_boost": 1.7999304098247975
  }
}