{
  "base": {
    "lookahead_base": 15.44245476146143,
    "lookahead_gain": 0.10053441062402553,
    "v_max": 99.86697933309446,
    "k_curvature": 44.038361831089894,
    "brake_lookahead": 235.78664531807863,
    "v_min": 15.58237930256043,
    "kp_steer": 5.968144514127344,
    "kp_vel": 3.1395415374664255,
    "decel_factor": 0.6050728342869203,
    "steer_anticipation": 0.8002760718340097,
    "raceline_blend": 0.20276504351424973,
    "straight_lookahead_mult": 1.2689771674795747,
    "corner_exit_boost": 1.2513175041713764
  },
  "-0.029_-0.000": {
    "lookahead_base": 1.008215469387089,
    "lookahead_gain": 0.5734087069404602,
    "v_max": 185.4498129315432,
    "k_curvature": 85.92817250959347,
    "brake_lookahead": 396.3567192823452,
    "v_min": 4.0917617942412505,
    "kp_steer": 16.409458134221822,
    "kp_vel": 5.52566521007152,
    "decel_factor": 0.9776868375298022,
    "steer_anticipation": 1.2876619297632663,
    "raceline_blend": 0.8825378281674019,
    "straight_lookahead_mult": 1.6073935606671608,
    "corner_exit_boost": 1.3088659405328835,
    "_friendly_name": "IMS",
    "_generations": 55
  },
  "0.123_-0.739": {
    "lookahead_base": 14.02274151137427,
    "lookahead_gain": 0.1891300366443152,
    "v_max": 150.00267939688933,
    "k_curvature": 32.18387477849339,
    "brake_lookahead": 428.3025654062848,
    "v_min": 33.91353532442478,
    "kp_steer": 10.07597157946943,
    "kp_vel": 15.12090172568691,
    "decel_factor": 0.989722829253387,
    "steer_anticipation": 0.0005117441863436007,
    "raceline_blend": 0.4366242913415054,
    "straight_lookahead_mult": 0.7850214342394519,
    "corner_exit_boost": 1.4918597748555955,
    "_friendly_name": "Montreal",
    "_generations": 276
  },
  "-0.320_1.088": {
    "lookahead_base": 10.728831559079548,
    "lookahead_gain": 0.0654151516203618,
    "v_max": 199.99246673056072,
    "k_curvature": 118.01157660339717,
    "brake_lookahead": 206.7376499716026,
    "v_min": 1.8973628207943114,
    "kp_steer": 16.731582901175145,
    "kp_vel": 19.72292965491418,
    "decel_factor": 0.20814329629114897,
    "steer_anticipation": 0.9645253878346705,
    "raceline_blend": 0.9368946687889282,
    "straight_lookahead_mult": 1.750056522011037,
    "corner_exit_boost": 2.347070349176438,
    "_friendly_name": "Monza",
    "_generations": 250
  },
  "0.961_4.022": {
    "lookahead_base": 7.915314384019366,
    "lookahead_gain": 0.31430670676895917,
    "v_max": 116.37525845761633,
    "k_curvature": 1.2089874800794713,
    "brake_lookahead": 486.6459772731165,
    "v_min": 5.5446886484935956,
    "kp_steer": 8.668979836120238,
    "kp_vel": 1.3020176763276916,
    "decel_factor": 0.958324343580449,
    "steer_anticipation": 0.05739588358019425,
    "raceline_blend": 0.33625568874996953,
    "straight_lookahead_mult": 1.2890029696241576,
    "corner_exit_boost": 3.078316527414681,
    "_friendly_name": "Austin",
    "_generations": 157
  },
  "-1.110_0.066": {
    "lookahead_base": 26.12674661605392,
    "lookahead_gain": 0.0871960307223767,
    "v_max": 198.9097444715148,
    "k_curvature": 4.772132822601515,
    "brake_lookahead": 20.132911503709234,
    "v_min": 49.20331225616738,
    "kp_steer": 16.193861938953823,
    "kp_vel": 19.740855773536637,
    "decel_factor": 0.8715435040860702,
    "steer_anticipation": 5.078548229763033,
    "raceline_blend": 0.3627756029575675,
    "straight_lookahead_mult": 1.2753067872093826,
    "corner_exit_boost": 3.9312301410480264,
    "_friendly_name": "BrandsHatch",
    "_generations": 116
  },
  "-2.448_0.126": {
    "lookahead_base": 23.750708849204425,
    "lookahead_gain": 5.934359695820474e-05,
    "v_max": 193.10031378629805,
    "k_curvature": 1.9201493788033834,
    "brake_lookahead": 41.2900931032852,
    "v_min": 38.65847897702214,
    "kp_steer": 19.478269558790064,
    "kp_vel": 19.89308098887397,
    "decel_factor": 0.5322272628550467,
    "steer_anticipation": 6.816416948189023,
    "raceline_blend": 0.9188884796409456,
    "straight_lookahead_mult": 0.7199642931721557,
    "corner_exit_boost": 2.2269775186216996,
    "_friendly_name": "Budapest",
    "_generations": 250
  },
  "-0.473_0.749": {
    "lookahead_base": 4.505023608638737,
    "lookahead_gain": 0.4409734497662329,
    "v_max": 169.74094797126583,
    "k_curvature": 24.52411843581024,
    "brake_lookahead": 388.1223238501873,
    "v_min": 8.686890066403759,
    "kp_steer": 9.144707278513678,
    "kp_vel": 8.840493361190306,
    "decel_factor": 0.7960301078615375,
    "steer_anticipation": 0.026844442050826967,
    "raceline_blend": 0.016171345432159326,
    "straight_lookahead_mult": 0.865714419535401,
    "corner_exit_boost": 1.0493539760720045,
    "_friendly_name": "Catalunya",
    "_generations": 250
  },
  "0.694_-2.315": {
    "lookahead_base": 26.39388496556923,
    "lookahead_gain": 0.0017216390436300792,
    "v_max": 163.22352052520844,
    "k_curvature": 2.7310662182597136,
    "brake_lookahead": 99.31081250343836,
    "v_min": 45.042092806254594,
    "kp_steer": 12.645094893265375,
    "kp_vel": 13.257978429472862,
    "decel_factor": 0.6253842435064618,
    "steer_anticipation": 0.05764372897993999,
    "raceline_blend": 0.9664407909256462,
    "straight_lookahead_mult": 1.1557543255948128,
    "corner_exit_boost": 2.156400127034995,
    "_friendly_name": "Hockenheim",
    "_generations": 250
  },
  "-0.961_-1.263": {
    "lookahead_base": 36.25805112497204,
    "lookahead_gain": 0.030797785329625668,
    "v_max": 172.74156468106588,
    "k_curvature": 5.1315423997748155,
    "brake_lookahead": 323.6328417608819,
    "v_min": 46.09307307405141,
    "kp_steer": 9.917658720631136,
    "kp_vel": 15.397682680885316,
    "decel_factor": 0.9116921035582789,
    "steer_anticipation": 0.03021552351423691,
    "raceline_blend": 0.41887723203431293,
    "straight_lookahead_mult": 0.9317802777887381,
    "corner_exit_boost": 2.5665365344762314,
    "_friendly_name": "Melbourne",
    "_generations": 174
  },
  "-1.909_3.239": {
    "lookahead_base": 10.80658972320208,
    "lookahead_gain": 0.16677339593114554,
    "v_max": 127.71563403853747,
    "k_curvature": 140.45791171565435,
    "brake_lookahead": 31.64559832238752,
    "v_min": 20.62945855227958,
    "kp_steer": 7.94852916160049,
    "kp_vel": 14.612350236137745,
    "decel_factor": 0.8008812722372276,
    "steer_anticipation": 8.931835049278403,
    "raceline_blend": 0.8944141384942473,
    "straight_lookahead_mult": 1.387429133887661,
    "corner_exit_boost": 2.7834848690308656,
    "_friendly_name": "MexicoCity",
    "_generations": 250
  },
  "0.893_-0.132": {
    "lookahead_base": 32.7974392840904,
    "lookahead_gain": 0.0018076019615395433,
    "v_max": 189.0181763095974,
    "k_curvature": 287.888390541174,
    "brake_lookahead": 347.0773322914705,
    "v_min": 49.81548456913148,
    "kp_steer": 19.07668858452764,
    "kp_vel": 0.17945746804133514,
    "decel_factor": 0.28733041842629936,
    "steer_anticipation": 9.827883620997898,
    "raceline_blend": 0.39732231194185524,
    "straight_lookahead_mult": 0.9308684210664238,
    "corner_exit_boost": 4.930235030296896,
    "_friendly_name": "MoscowRaceway",
    "_generations": 250
  },
  "-1.196_-0.660": {
    "lookahead_base": 27.250317646656736,
    "lookahead_gain": 0.015381518609604006,
    "v_max": 118.11100940064328,
    "k_curvature": 2.860420731851775,
    "brake_lookahead": 52.58244400582466,
    "v_min": 25.77179863669678,
    "kp_steer": 10.274178549532877,
    "kp_vel": 8.5423644825316,
    "decel_factor": 0.3644929759777349,
    "steer_anticipation": 1.6964789326210374,
    "raceline_blend": 0.884302848922256,
    "straight_lookahead_mult": 0.6810878647269836,
    "corner_exit_boost": 3.226564635511351,
    "_friendly_name": "Norisring",
    "_generations": 238
  },
  "1.243_-1.293": {
    "lookahead_base": 10.182617971986012,
    "lookahead_gain": 0.2418201479601805,
    "v_max": 199.66190564531348,
    "k_curvature": 1.0006009986513615,